weathersit_,temp_,hum_,casual_mean,casual_sum,casual_max,registered_mean,registered_sum,registered_max
1,0.0591304,0.4,93.0,93,93,888.0,888,888
1,0.0965217,0.436522,150.0,150,150,836.0,836,836
1,0.0973913,0.491739,86.0,86,86,1330.0,1330,1330
1,0.1275,0.464583,73.0,73,73,1456.0,1456,1456
1,0.138333,0.434167,54.0,54,54,768.0,768,768
1,0.144348,0.437391,47.0,47,47,1491.0,1491,1491
1,0.15,0.44125,89.0,89,89,2147.0,2147,2147
1,0.150833,0.482917,41.0,41,41,1280.0,1280,1280
1,0.16087,0.537826,54.0,54,54,1367.0,1367,1367
1,0.165,0.470417,38.0,38,38,1368.0,1368,1368
1,0.166667,0.419167,284.0,284,284,2027.0,2027,2027
1,0.172727,0.599545,25.0,25,25,1137.0,1137,1137
1,0.1775,0.457083,75.0,75,75,1468.0,1468,1468
1,0.18,0.4575,333.0,333,333,2160.0,2160,2160
1,0.182222,0.577778,74.0,74,74,1376.0,1376,1376
1,0.186957,0.437826,61.0,61,61,1489.0,1489,1489
1,0.189091,0.506364,149.0,149,149,1597.0,1597,1597
1,0.19,0.4975,130.0,130,130,3162.0,3162,3162
1,0.19,0.5225,217.0,217,217,2081.0,2081,2081
1,0.195,0.6875,15.0,15,15,416.0,416,416
1,0.196364,0.437273,120.0,120,120,1229.0,1229,1229
1,0.196522,0.651739,123.0,123,123,975.0,975,975
1,0.198333,0.318333,123.0,123,123,1562.0,1562,1562
1,0.2,0.590435,108.0,108,108,1454.0,1454,1454
1,0.204348,0.518261,88.0,88,88,1518.0,1518,1518
1,0.216522,0.722174,140.0,140,140,956.0,956,956
1,0.220833,0.49,377.0,377,377,2366.0,2366,2366
1,0.220833,0.537917,64.0,64,64,1466.0,1466,1466
1,0.221739,0.423043,139.0,139,139,1778.0,1778,1778
1,0.2225,0.41125,94.0,94,94,3328.0,3328,3328
1,0.2225,0.544167,288.0,288,288,1184.0,1184,1184
1,0.226957,0.436957,82.0,82,82,1518.0,1518,1518
1,0.231667,0.48375,251.0,251,251,953.0,953,953
1,0.238333,0.58625,220.0,220,220,2211.0,2211,2211
1,0.238333,0.670833,143.0,143,143,3167.0,3167,3167
1,0.243333,0.50625,203.0,203,203,3130.0,3130,3130
1,0.245833,0.468333,309.0,309,309,2115.0,2115,2115
1,0.245833,0.515417,408.0,408,408,1379.0,1379,1379
1,0.248333,0.574167,254.0,254,254,2169.0,2169,2169
1,0.255833,0.483333,364.0,364,364,1432.0,1432,1432
1,0.255833,0.50875,340.0,340,340,5035.0,5035,5035
1,0.258333,0.456667,221.0,221,221,3735.0,3735,3735
1,0.261739,0.551304,244.0,244,244,1628.0,1628,1628
1,0.264167,0.495,300.0,300,300,1910.0,1910,1910
1,0.264348,0.302174,222.0,222,222,1806.0,1806,1806
1,0.265,0.562083,163.0,163,163,3667.0,3667,3667
1,0.265833,0.394167,981.0,981,981,1515.0,1515,1515
1,0.265833,0.44125,205.0,205,205,1544.0,1544,1544
1,0.265833,0.524167,140.0,140,140,3132.0,3132,3132
1,0.265833,0.58,150.0,150,150,3172.0,3172,3172
1,0.266087,0.314348,140.0,140,140,1675.0,1675,1675
1,0.266667,0.535,137.0,137,137,1714.0,1714,1714
1,0.269167,0.400833,126.0,126,126,3498.0,3498,3498
1,0.271667,0.738333,120.0,120,120,1592.0,1592,1592
1,0.273043,0.381304,244.0,244,244,1707.0,1707,1707
1,0.274167,0.41,245.0,245,245,3147.0,3147,3147
1,0.274167,0.5075,174.0,174,174,3040.0,3040,3040
1,0.274783,0.681304,303.0,303,303,451.0,451,451
1,0.275,0.5075,502.0,502,502,2688.0,2688,2688
1,0.276667,0.6375,260.0,260,260,3143.0,3143,3143
1,0.278333,0.404583,532.0,532,532,1745.0,1745,1745
1,0.279167,0.41,515.0,515,515,2874.0,2874,2874
1,0.28,0.507826,502.0,502,502,2627.0,2627,2627
1,0.280833,0.567083,466.0,466,466,5220.0,5220,5220
1,0.28087,0.555652,243.0,243,243,5080.0,5080,5080
1,0.281667,0.642917,429.0,429,429,5182.0,5182,5182
1,0.2825,0.31125,558.0,558,558,2685.0,2685,2685
1,0.2825,0.537917,424.0,424,424,1545.0,1545,1545
1,0.2825,0.59,155.0,155,155,3368.0,3368,3368
1,0.282609,0.622174,206.0,206,206,3578.0,3578,3578
1,0.285217,0.407826,639.0,639,639,1173.0,1173,1173
1,0.285833,0.568333,354.0,354,354,1269.0,1269,1269
1,0.2875,0.350417,968.0,968,968,3150.0,3150,3150
1,0.287826,0.594348,163.0,163,163,3614.0,3614,3614
1,0.289167,0.552083,373.0,373,373,5122.0,5122,5122
1,0.290833,0.395833,317.0,317,317,2415.0,2415,2415
1,0.290833,0.695833,261.0,261,261,3359.0,3359,3359
1,0.2925,0.420833,316.0,316,316,1817.0,1817,1817
1,0.294167,0.64375,467.0,467,467,3803.0,3803,3803
1,0.295833,0.485833,425.0,425,425,5107.0,5107,5107
1,0.296667,0.50625,198.0,198,198,5062.0,5062,5062
1,0.298333,0.649583,362.0,362,362,5306.0,5306,5306
1,0.29913,0.503913,255.0,255,255,2047.0,2047,2047
1,0.299167,0.612917,706.0,706,706,2908.0,2908,2908
1,0.3025,0.314167,317.0,317,317,2108.0,2108,2108
1,0.3025,0.5425,155.0,155,155,856.0,856,856
1,0.303333,0.443333,109.0,109,109,3267.0,3267,3267
1,0.308696,0.646522,173.0,173,173,3425.0,3425,3425
1,0.311667,0.636667,491.0,491,491,2508.0,2508,2508
1,0.3125,0.524583,182.0,182,182,3545.0,3545,3545
1,0.313333,0.526667,310.0,310,310,3841.0,3841,3841
1,0.313333,0.535417,337.0,337,337,4750.0,4750,4750
1,0.314167,0.625833,268.0,268,268,3672.0,3672,3672
1,0.315833,0.543333,775.0,775,775,3248.0,3248,3248
1,0.316522,0.457391,397.0,397,397,1192.0,1192,1192
1,0.318261,0.423478,218.0,218,218,1897.0,1897,1897
1,0.319167,0.494167,378.0,378,378,4881.0,4881,4881
1,0.319167,0.62375,885.0,885,885,2446.0,2446,2446
1,0.321739,0.506957,430.0,430,430,887.0,887,887
1,0.323333,0.29,531.0,531,531,4571.0,4571,4571
1,0.324167,0.44625,440.0,440,440,2928.0,2928,2928
1,0.324167,0.650417,767.0,767,767,4280.0,4280,4280
1,0.325,0.545417,1313.0,1313,1313,4316.0,4316,4316
1,0.325,0.613333,188.0,188,188,3425.0,3425,3425
1,0.325217,0.496957,359.0,359,359,1687.0,1687,1687
1,0.325833,0.403333,710.0,710,710,2713.0,2713,2713
1,0.325833,0.532917,1201.0,1201,1201,3906.0,3906,3906
1,0.326667,0.519167,1156.0,1156,1156,2770.0,2770,2770
1,0.329167,0.502083,943.0,943,943,2720.0,2720,2720
1,0.329167,0.594583,724.0,724,724,1408.0,1408,1408
1,0.330833,0.775833,634.0,634,634,2851.0,2851,2851
1,0.3325,0.47375,1047.0,1047,1047,1424.0,1424,1424
1,0.3325,0.625417,333.0,333,333,4934.0,4934,4934
1,0.334167,0.542083,307.0,307,307,3791.0,3791,3791
1,0.335,0.449583,231.0,231,231,1903.0,1903,1903
1,0.3375,0.465,599.0,599,599,2826.0,2826,2826
1,0.34,0.580417,955.0,955,955,1470.0,1470,1470
1,0.34,0.703333,362.0,362,362,3307.0,3307,3307
1,0.3425,0.692917,922.0,922,922,3747.0,3747,3747
1,0.3425,0.835833,439.0,439,439,3900.0,3900,3900
1,0.343333,0.634583,349.0,349,349,3805.0,3805,3805
1,0.343478,0.68,694.0,694,694,1708.0,1708,1708
1,0.345,0.524583,484.0,484,484,5214.0,5214,5214
1,0.346667,0.534583,1435.0,1435,1435,2883.0,2883,2883
1,0.348333,0.53125,141.0,141,141,4028.0,4028,4028
1,0.348333,0.734583,952.0,952,952,2697.0,2697,2697
1,0.348696,0.469565,482.0,482,482,4380.0,4380,4380
1,0.352174,0.333478,340.0,340,340,4975.0,4975,4975
1,0.353333,0.61375,615.0,615,615,4531.0,4531,4531
1,0.354167,0.49625,199.0,199,199,4176.0,4176,4176
1,0.355,0.522083,618.0,618,618,5229.0,5229,5229
1,0.356667,0.552917,1275.0,1275,1275,2792.0,2792,2792
1,0.359167,0.395833,229.0,229,229,4134.0,4134,4134
1,0.361667,0.540833,709.0,709,709,5283.0,5283,5283
1,0.361739,0.476957,1658.0,1658,1658,3253.0,3253,3253
1,0.366667,0.490833,253.0,253,253,4069.0,4069,4069
1,0.368333,0.56875,1603.0,1603,1603,2307.0,2307,2307
1,0.37,0.6925,686.0,686,686,1608.0,1608,1608
1,0.373333,0.549167,560.0,560,560,935.0,935,935
1,0.373333,0.68625,163.0,163,163,2046.0,2046,2046
1,0.375,0.64375,1095.0,1095,1095,1697.0,1697,1697
1,0.375833,0.681667,1249.0,1249,1249,1819.0,1819,1819
1,0.3775,0.71875,370.0,370,370,3816.0,3816,3816
1,0.378333,0.48,1651.0,1651,1651,1598.0,1598,1598
1,0.384348,0.527391,982.0,982,982,1435.0,1435,1435
1,0.389167,0.645417,2090.0,2090,2090,4446.0,4446,4446
1,0.39,0.416667,324.0,324,324,4185.0,4185,4185
1,0.390833,0.470833,413.0,413,413,2395.0,2395,2395
1,0.393333,0.494583,2252.0,2252,2252,4857.0,4857,4857
1,0.393333,0.531667,1070.0,1070,1070,3451.0,3451,3451
1,0.395,0.75875,373.0,373,373,3662.0,3662,3662
1,0.395833,0.567917,394.0,394,394,4379.0,4379,4379
1,0.3975,0.46625,663.0,663,663,4746.0,4746,4746
1,0.399167,0.187917,532.0,532,532,1103.0,1103,1103
1,0.4,0.758333,305.0,305,305,3804.0,3804,3804
1,0.400833,0.68375,410.0,410,410,3658.0,3658,3658
1,0.403333,0.377083,1807.0,1807,1807,4653.0,4653,4653
1,0.404167,0.513333,432.0,432,432,4484.0,4484,4484
1,0.408333,0.702083,318.0,318,318,3656.0,3656,3656
1,0.408333,0.721667,376.0,376,376,3829.0,3829,3829
1,0.41,0.615833,665.0,665,665,1820.0,1820,1820
1,0.410833,0.66625,433.0,433,433,5124.0,5124,5124
1,0.413333,0.454167,518.0,518,518,5115.0,5115,5115
1,0.415,0.375833,208.0,208,208,1705.0,1705,1705
1,0.415,0.602917,424.0,424,424,2320.0,2320,2320
1,0.420833,0.659167,2290.0,2290,2290,4562.0,4562,4562
1,0.421667,0.74125,1619.0,1619,1619,2762.0,2762,2762
1,0.4225,0.629167,1499.0,1499,1499,2809.0,2809,2809
1,0.4275,0.574167,676.0,676,676,3628.0,3628,3628
1,0.433913,0.504348,1208.0,1208,1208,4728.0,4728,4728
1,0.435,0.374167,1192.0,1192,1192,5265.0,5265,5265
1,0.435,0.463333,834.0,834,834,6736.0,6736,6736
1,0.435833,0.505,259.0,259,259,2216.0,2216,2216
1,0.4375,0.254167,3252.0,3252,3252,3605.0,3605,3605
1,0.4375,0.539167,1060.0,1060,1060,6222.0,6222,6222
1,0.4375,0.602917,571.0,571,571,2570.0,2570,2570
1,0.438333,0.485,331.0,331,331,5398.0,5398,5398
1,0.440833,0.458333,1004.0,1004,1004,2713.0,2713,2713
1,0.441667,0.624583,460.0,460,460,2243.0,2243,2243
1,0.4425,0.408333,1252.0,1252,1252,5146.0,5146,5146
1,0.445833,0.477917,795.0,795,795,4763.0,4763,4763
1,0.446667,0.435,819.0,819,819,5099.0,5099,5099
1,0.446667,0.67125,642.0,642,642,2484.0,2484,2484
1,0.4525,0.7675,555.0,555,555,5679.0,5679,5679
1,0.454167,0.554583,516.0,516,516,4546.0,4546,4546
1,0.455833,0.692917,979.0,979,979,6482.0,6482,6482
1,0.456667,0.479583,1558.0,1558,1558,2186.0,2186,2186
1,0.4575,0.400833,1014.0,1014,1014,5219.0,5219,5219
1,0.458333,0.587083,2229.0,2229,2229,4075.0,4075,4075
1,0.459167,0.407083,745.0,745,745,3444.0,3444,3444
1,0.459167,0.444167,614.0,614,614,3819.0,3819,3819
1,0.459167,0.698333,810.0,810,810,2261.0,2261,2261
1,0.463333,0.772083,699.0,699,699,3488.0,3488,3488
1,0.464167,0.51,2132.0,2132,2132,4692.0,4692,4692
1,0.466667,0.396667,1348.0,1348,1348,5424.0,5424,5424
1,0.466667,0.489167,838.0,838,838,4460.0,4460,4460
1,0.4675,0.540417,529.0,529,529,2738.0,2738,2738
1,0.468333,0.558333,922.0,922,922,6612.0,6612,6612
1,0.469167,0.507917,304.0,304,304,4275.0,4275,4275
1,0.471667,0.622917,695.0,695,695,3992.0,3992,3992
1,0.4725,0.379167,1424.0,1424,1424,1693.0,1693,1693
1,0.4725,0.503333,1965.0,1965,1965,3347.0,3347,3347
1,0.475833,0.63625,471.0,471,471,3724.0,3724,3724
1,0.475833,0.73375,551.0,551,551,6055.0,6055,6055
1,0.476667,0.427917,655.0,655,655,5541.0,5541,5541
1,0.479167,0.59,894.0,894,894,3714.0,3714,3714
1,0.484167,0.48125,674.0,674,674,5024.0,5024,5024
1,0.484167,0.572917,2806.0,2806,2806,5284.0,5284,5284
1,0.484167,0.71,486.0,486,486,3970.0,3970,3970
1,0.485,0.741667,1097.0,1097,1097,5172.0,5172,5172
1,0.485833,0.615417,325.0,325,325,4665.0,4665,4665
1,0.4875,0.568333,830.0,830,830,6228.0,6228,6228
1,0.489167,0.3175,905.0,905,905,4680.0,4680,4680
1,0.494167,0.439167,834.0,834,834,5299.0,5299,5299
1,0.494167,0.620833,639.0,639,639,4126.0,4126,4126
1,0.495,0.502917,2795.0,2795,2795,4665.0,4665,4665
1,0.498333,0.6125,846.0,846,846,5719.0,5719,5719
1,0.5,0.275833,2230.0,2230,2230,2939.0,2939,2939
1,0.503478,0.743043,253.0,253,253,3614.0,3614,3614
1,0.505833,0.552083,1026.0,1026,1026,5546.0,5546,5546
1,0.506667,0.483333,1899.0,1899,1899,3318.0,3318,3318
1,0.5075,0.695,1353.0,1353,1353,2921.0,2921,2921
1,0.51,0.457083,878.0,878,878,3717.0,3717,3717
1,0.510833,0.684167,949.0,949,949,4036.0,4036,4036
1,0.511667,0.486667,1748.0,1748,1748,3293.0,3293,3293
1,0.5125,0.5425,669.0,669,669,2760.0,2760,2760
1,0.514167,0.492917,1001.0,1001,1001,6435.0,6435,6435
1,0.514167,0.630833,780.0,780,780,6911.0,6911,6911
1,0.52,0.54125,1612.0,1612,1612,3102.0,3102,3102
1,0.521667,0.516667,579.0,579,579,2348.0,2348,2348
1,0.521667,0.640417,2080.0,2080,2080,4559.0,4559,4559
1,0.521667,0.70125,2235.0,2235,2235,3174.0,3174,3174
1,0.526667,0.583333,2015.0,2015,2015,4874.0,4874,4874
1,0.526667,0.694583,1340.0,1340,1340,5950.0,5950,5950
1,0.5275,0.5675,486.0,486,486,4896.0,4896,4896
1,0.528333,0.631667,1401.0,1401,1401,2932.0,2932,2932
1,0.529167,0.467083,2454.0,2454,2454,5453.0,5453,5453
1,0.53,0.587083,595.0,595,595,3891.0,3891,3891
1,0.5325,0.489167,694.0,694,694,4109.0,4109,4109
1,0.5325,0.58875,664.0,664,664,3698.0,3698,3698
1,0.533333,0.360417,1319.0,1319,1319,5711.0,5711,5711
1,0.534167,0.579583,713.0,713,713,3857.0,3857,3857
1,0.535,0.7475,695.0,695,695,4169.0,4169,4169
1,0.536667,0.719583,909.0,909,909,4008.0,4008,4008
1,0.538333,0.647917,559.0,559,559,4267.0,4267,4267
1,0.54,0.525217,884.0,884,884,2355.0,2355,2355
1,0.540833,0.7275,2397.0,2397,2397,3114.0,3114,3114
1,0.541667,0.469583,1058.0,1058,1058,5378.0,5378,5378
1,0.5425,0.542917,2589.0,2589,2589,5966.0,5966,5966
1,0.5425,0.632917,550.0,550,550,3632.0,3632,3632
1,0.544167,0.641667,841.0,841,841,6625.0,6625,6625
1,0.545,0.72875,982.0,982,982,5171.0,5171,5171
1,0.546667,0.618333,939.0,939,939,6781.0,6781,6781
1,0.55,0.57,845.0,845,845,6693.0,6693,6693
1,0.5525,0.536667,788.0,788,788,6803.0,6803,6803
1,0.554167,0.61125,1027.0,1027,1027,6028.0,6028,6028
1,0.554167,0.664167,3031.0,3031,3031,4934.0,4934,4934
1,0.554167,0.83125,1334.0,1334,1334,5537.0,5537,5537
1,0.5575,0.579583,1005.0,1005,1005,5187.0,5187,5187
1,0.560833,0.807917,1051.0,1051,1051,5042.0,5042,5042
1,0.564167,0.480417,2622.0,2622,2622,4807.0,4807,4807
1,0.564167,0.523333,1521.0,1521,1521,6118.0,6118,6118
1,0.564167,0.6475,830.0,830,830,4372.0,4372,4372
1,0.564167,0.797083,667.0,667,667,5502.0,5502,5502
1,0.565,0.6175,762.0,762,762,5085.0,5085,5085
1,0.57,0.682917,2541.0,2541,2541,4083.0,4083,4083
1,0.570833,0.73375,1514.0,1514,1514,3603.0,3603,3603
1,0.5725,0.507083,997.0,997,997,5315.0,5315,5315
1,0.573333,0.42625,734.0,734,734,2381.0,2381,2381
1,0.5775,0.52,1070.0,1070,1070,6697.0,6697,6697
1,0.5775,0.787917,773.0,773,773,3185.0,3185,3185
1,0.58,0.57,2166.0,2166,2166,5167.0,5167,5167
1,0.583333,0.50375,1118.0,1118,1118,6407.0,6407,6407
1,0.583333,0.549167,2795.0,2795,2795,5325.0,5325,5325
1,0.5875,0.63625,795.0,795,795,6898.0,6898,6898
1,0.5925,0.59875,2634.0,2634,2634,4344.0,4344,4344
1,0.593333,0.52,1242.0,1242,1242,6142.0,6142,6142
1,0.595,0.614167,613.0,613,613,3331.0,3331,3331
1,0.5975,0.487083,1071.0,1071,1071,5927.0,5927,5927
1,0.599167,0.577083,1050.0,1050,1050,6820.0,6820,6820
1,0.599167,0.66875,1250.0,1250,1250,6917.0,6917,6917
1,0.6,0.45625,3410.0,3410,3410,4884.0,4884,4884
1,0.6025,0.493333,2494.0,2494,2494,5147.0,5147,5147
1,0.6025,0.567083,1038.0,1038,1038,6456.0,6456,6456
1,0.6025,0.626667,2258.0,2258,2258,3547.0,3547,3547
1,0.604167,0.507083,727.0,727,727,4164.0,4164,4164
1,0.604167,0.749583,1576.0,1576,1576,3084.0,3084,3084
1,0.606667,0.507917,2846.0,2846,2846,4286.0,4286,4286
1,0.606667,0.776667,773.0,773,773,3300.0,3300,3300
1,0.608333,0.390417,989.0,989,989,5702.0,5702,5702
1,0.608333,0.501667,3160.0,3160,3160,5554.0,5554,5554
1,0.61,0.5475,2570.0,2570,2570,5657.0,5657,5657
1,0.6125,0.57625,2172.0,2172,2172,3946.0,3946,3946
1,0.6125,0.637083,1054.0,1054,1054,6750.0,6750,6750
1,0.615,0.6275,1516.0,1516,1516,6640.0,6640,6640
1,0.616667,0.699167,653.0,653,653,4186.0,4186,4186
1,0.62,0.354167,898.0,898,898,4414.0,4414,4414
1,0.620833,0.530417,2704.0,2704,2704,4425.0,4425,4425
1,0.626667,0.471667,769.0,769,769,4411.0,4411,4411
1,0.6275,0.735417,1069.0,1069,1069,5227.0,5227,5227
1,0.630833,0.373333,1077.0,1077,1077,6365.0,6365,6365
1,0.631667,0.504167,2963.0,2963,2963,4739.0,4739,4739
1,0.631667,0.729167,678.0,678,678,3722.0,3722,3722
1,0.633333,0.6725,1379.0,1379,1379,6630.0,6630,6630
1,0.635,0.45625,1869.0,1869,1869,3473.0,3473,3473
1,0.635,0.494583,863.0,863,863,4157.0,4157,4157
1,0.635,0.630833,787.0,787,787,6946.0,6946,6946
1,0.636667,0.554583,729.0,729,729,3905.0,3905,3905
1,0.636667,0.697917,991.0,991,991,6433.0,6433,6433
1,0.639167,0.548333,775.0,775,775,4429.0,4429,4429
1,0.639167,0.589583,1563.0,1563,1563,6102.0,6102,6102
1,0.640833,0.455417,1281.0,1281,1281,4614.0,4614,4614
1,0.644348,0.692174,690.0,690,690,4023.0,4023,4023
1,0.648333,0.569583,1180.0,1180,1180,6183.0,6183,6183
1,0.649167,0.467917,1488.0,1488,1488,6248.0,6248,6248
1,0.649167,0.67375,1081.0,1081,1081,5925.0,5925,5925
1,0.649167,0.735833,863.0,863,863,3981.0,3981,3981
1,0.65,0.646667,2512.0,2512,2512,5883.0,5883,5883
1,0.650833,0.7125,701.0,701,701,4062.0,4062,4062
1,0.653333,0.71375,1633.0,1633,1633,3413.0,3413,3413
1,0.655,0.639167,783.0,783,783,4332.0,4332,4332
1,0.655,0.716667,1059.0,1059,1059,5711.0,5711,5711
1,0.655833,0.582083,1173.0,1173,1173,6248.0,6248,6248
1,0.655833,0.729583,2001.0,2001,2001,2757.0,2757,2757
1,0.656667,0.597917,688.0,688,688,4370.0,4370,4370
1,0.66,0.75375,1750.0,1750,1750,3595.0,3595,3595
1,0.660833,0.69625,740.0,740,740,4238.0,4238,4238
1,0.663333,0.59125,1318.0,1318,1318,4220.0,4220,4220
1,0.664167,0.561667,1198.0,1198,1198,5172.0,5172,5172
1,0.665833,0.712083,775.0,775,775,3563.0,3563,3563
1,0.6675,0.677083,1094.0,1094,1094,6281.0,6281,6281
1,0.6675,0.81875,2355.0,2355,2355,2433.0,2433,2433
1,0.669167,0.716667,1935.0,1935,1935,2549.0,2549,2549
1,0.673333,0.605,949.0,949,949,4181.0,4181,4181
1,0.673333,0.697083,647.0,647,647,4138.0,4138,4138
1,0.678333,0.6,673.0,673,673,3875.0,3875,3875
1,0.678333,0.603333,2827.0,2827,2827,5038.0,5038,5038
1,0.68,0.492917,1100.0,1100,1100,6238.0,6238,6238
1,0.68,0.513333,1920.0,1920,1920,3385.0,3385,3385
1,0.68,0.747083,1417.0,1417,1417,5317.0,5317,5317
1,0.680833,0.47625,888.0,888,888,4196.0,4196,4196
1,0.681667,0.65375,871.0,871,871,3808.0,3808,3808
1,0.685,0.552083,1177.0,1177,1177,6520.0,6520,6520
1,0.686667,0.585,2418.0,2418,2418,3505.0,3505,3505
1,0.688333,0.69,968.0,968,968,5857.0,5857,5857
1,0.69,0.697083,3283.0,3283,3283,3308.0,3308,3308
1,0.691667,0.47,833.0,833,833,3925.0,3925,3925
1,0.6925,0.7325,2855.0,2855,2855,3681.0,3681,3681
1,0.6925,0.747917,1467.0,1467,1467,2993.0,2993,2993
1,0.695,0.483333,1782.0,1782,1782,3420.0,3420,3420
1,0.695833,0.635833,1363.0,1363,1363,6402.0,6402,6402
1,0.696667,0.434167,1027.0,1027,1027,4488.0,4488,4488
1,0.696667,0.670417,1807.0,1807,1807,3312.0,3312,3312
1,0.6975,0.36,1077.0,1077,1077,6258.0,6258,6258
1,0.6975,0.674167,1914.0,1914,1914,3277.0,3277,3277
1,0.7,0.76125,768.0,768,768,3893.0,3893,3893
1,0.700833,0.530417,2182.0,2182,2182,4362.0,4362,4362
1,0.700833,0.578333,721.0,721,721,4004.0,4004,4004
1,0.703333,0.730417,989.0,989,989,5928.0,5928,5928
1,0.703333,0.73625,1045.0,1045,1045,6459.0,6459,6459
1,0.706667,0.590417,1172.0,1172,1172,6541.0,6541,6541
1,0.706667,0.619583,1198.0,1198,1198,6149.0,6149,6149
1,0.707059,0.561765,1415.0,1415,1415,2919.0,2919,2919
1,0.7075,0.597917,763.0,763,763,4070.0,4070,4070
1,0.7075,0.790833,1965.0,1965,1965,4069.0,4069,4069
1,0.708333,0.415,1051.0,1051,1051,3854.0,3854,3854
1,0.708333,0.6775,758.0,758,758,3919.0,3919,3919
1,0.709167,0.742083,2521.0,2521,2521,2419.0,2419,2419
1,0.710833,0.437083,2708.0,2708,2708,4790.0,4790,4790
1,0.710833,0.630833,1023.0,1023,1023,3843.0,3843,3843
1,0.710833,0.77,1249.0,1249,1249,2624.0,2624,2624
1,0.711667,0.654583,639.0,639,639,3166.0,3166,3166
1,0.7125,0.67625,2557.0,2557,2557,3486.0,3486,3486
1,0.713333,0.704167,968.0,968,968,6248.0,6248,6248
1,0.715,0.305,736.0,736,736,4232.0,4232,4232
1,0.715833,0.504167,1139.0,1139,1139,5640.0,5640,5640
1,0.715833,0.529583,1032.0,1032,1032,6414.0,6414,6414
1,0.716667,0.633333,975.0,975,975,6289.0,6289,6289
1,0.7175,0.42375,812.0,812,812,3980.0,3980,3980
1,0.7175,0.6775,1074.0,1074,1074,6506.0,6506,6506
1,0.719167,0.519167,1338.0,1338,1338,6267.0,6267,6267
1,0.719167,0.604167,2006.0,2006,2006,3296.0,3296,3296
1,0.72,0.743333,784.0,784,784,3845.0,3845,3845
1,0.720833,0.545417,1207.0,1207,1207,5676.0,5676,5676
1,0.721667,0.62375,2153.0,2153,2153,4444.0,4444,4444
1,0.7225,0.39625,1246.0,1246,1246,4116.0,4116,4116
1,0.7225,0.684583,880.0,880,880,4863.0,4863,4863
1,0.723333,0.570833,1483.0,1483,1483,5665.0,5665,5665
1,0.723333,0.575417,668.0,668,668,4026.0,4026,4026
1,0.724167,0.45,1383.0,1383,1383,6790.0,6790,6790
1,0.724167,0.573333,969.0,969,969,4022.0,4022,4022
1,0.725,0.654583,1729.0,1729,1729,3237.0,3237,3237
1,0.725833,0.755,867.0,867,867,5997.0,5997,5997
1,0.726667,0.538333,2224.0,2224,2224,4374.0,4374,4374
1,0.726667,0.686667,1128.0,1128,1128,5656.0,5656,5656
1,0.728333,0.497917,848.0,848,848,4377.0,4377,4377
1,0.728333,0.62,935.0,935,935,6105.0,6105,6105
1,0.730833,0.66875,1040.0,1040,1040,6065.0,6065,6065
1,0.731667,0.534583,2657.0,2657,2657,4801.0,4801,4801
1,0.733333,0.609167,1988.0,1988,1988,3348.0,3348,3348
1,0.733333,0.685,1549.0,1549,1549,2549.0,2549,2549
1,0.733333,0.7075,661.0,661,661,3846.0,3846,3846
1,0.736667,0.74125,832.0,832,832,6280.0,6280,6280
1,0.738333,0.444583,2204.0,2204,2204,2915.0,2915,2915
1,0.741667,0.694167,1135.0,1135,1135,5831.0,5831,5831
1,0.7425,0.752917,1298.0,1298,1298,2487.0,2487,2487
1,0.743333,0.479167,2551.0,2551,2551,4340.0,4340,4340
1,0.743333,0.757083,568.0,568,568,3272.0,3272,3272
1,0.744167,0.634167,732.0,732,732,3916.0,3916,3916
1,0.745833,0.717917,1920.0,1920,1920,4111.0,4111,4111
1,0.746667,0.590417,1031.0,1031,1031,3634.0,3634,3634
1,0.746667,0.631667,748.0,748,748,3594.0,3594,3594
1,0.746667,0.65125,841.0,841,841,3617.0,3617,3617
1,0.7475,0.578333,1743.0,1743,1743,3138.0,3138,3138
1,0.749167,0.4225,921.0,921,921,5958.0,5958,5958
1,0.75,0.65125,754.0,754,754,3838.0,3838,3838
1,0.750833,0.655,1140.0,1140,1140,6452.0,6452,6452
1,0.7525,0.659583,983.0,983,983,6278.0,6278,6278
1,0.755,0.605,815.0,815,815,3771.0,3771,3771
1,0.755833,0.613333,2234.0,2234,2234,4451.0,4451,4451
1,0.755833,0.620417,1196.0,1196,1196,6090.0,6090,6090
1,0.7625,0.635833,723.0,723,723,3363.0,3363,3363
1,0.763333,0.645,1088.0,1088,1088,5742.0,5742,5742
1,0.764167,0.5875,1433.0,1433,1433,5917.0,5917,5917
1,0.765,0.592083,846.0,846,846,3480.0,3480,3480
1,0.765,0.60125,1455.0,1455,1455,4232.0,4232,4232
1,0.766667,0.424167,884.0,884,884,3896.0,3896,3896
1,0.768333,0.707083,644.0,644,644,3688.0,3688,3688
1,0.769167,0.6525,1707.0,1707,1707,3757.0,3757,3757
1,0.77,0.600417,888.0,888,888,5703.0,5703,5703
1,0.771667,0.540833,750.0,750,750,3840.0,3840,3840
1,0.771667,0.550833,729.0,729,729,3537.0,3537,3537
1,0.775,0.402917,755.0,755,755,3901.0,3901,3901
1,0.775,0.570417,907.0,907,907,3695.0,3695,3695
1,0.775,0.636667,673.0,673,673,3309.0,3309,3309
1,0.775833,0.622083,676.0,676,676,3725.0,3725,3725
1,0.776667,0.596667,1036.0,1036,1036,5825.0,5825,5825
1,0.776667,0.650417,752.0,752,752,3789.0,3789,3789
1,0.7775,0.57375,964.0,964,964,4859.0,4859,4859
1,0.779167,0.583333,606.0,606,606,3784.0,3784,3784
1,0.780833,0.492083,1052.0,1052,1052,5608.0,5608,5608
1,0.781667,0.447083,904.0,904,904,5323.0,5323,5323
1,0.781667,0.594583,1259.0,1259,1259,5645.0,5645,5645
1,0.7825,0.592083,872.0,872,872,5339.0,5339,5339
1,0.783333,0.49125,801.0,801,801,4044.0,4044,4044
1,0.789167,0.53875,2562.0,2562,2562,4841.0,4841,4841
1,0.793333,0.577083,799.0,799,799,4914.0,4914,4914
1,0.793333,0.613333,2345.0,2345,2345,4479.0,4479,4479
1,0.794167,0.559167,662.0,662,662,3596.0,3596,3596
1,0.804167,0.465833,1559.0,1559,1559,2916.0,2916,2916
1,0.805833,0.480833,1524.0,1524,1524,2778.0,2778,2778
1,0.805833,0.567917,778.0,778,778,5127.0,5127,5127
1,0.815833,0.51875,1421.0,1421,1421,4110.0,4110,4110
1,0.818333,0.505833,921.0,921,921,5865.0,5865,5865
1,0.8225,0.57375,1203.0,1203,1203,3469.0,3469,3469
1,0.8275,0.457917,1405.0,1405,1405,4836.0,4836,4836
1,0.828333,0.450833,1366.0,1366,1366,4841.0,4841,4841
1,0.83,0.550833,1050.0,1050,1050,2556.0,2556,2556
1,0.834167,0.48875,829.0,829,829,4634.0,4634,4634
1,0.838333,0.5425,670.0,670,670,3176.0,3176,3176
1,0.848333,0.580417,562.0,562,562,2825.0,2825,2825
1,0.849167,0.5,987.0,987,987,2298.0,2298,2298
1,0.861667,0.492083,1448.0,1448,1448,3392.0,3392,3392
2,0.1075,0.414583,95.0,95,95,2273.0,2273,2273
2,0.134783,0.494783,53.0,53,53,1552.0,1552,1552
2,0.1625,0.79625,196.0,196,196,1781.0,1781,1781
2,0.165,0.535833,68.0,68,68,891.0,891,891
2,0.169091,0.686364,43.0,43,43,1220.0,1220,1220
2,0.173333,0.83125,67.0,67,67,1234.0,1234,1234
2,0.175833,0.5375,117.0,117,117,883.0,883,883
2,0.180833,0.60375,42.0,42,42,1459.0,1459,1459
2,0.192174,0.829565,47.0,47,47,1313.0,1313,1313
2,0.196522,0.498696,148.0,148,148,1362.0,1362,1362
2,0.203478,0.793043,38.0,38,38,1129.0,1129,1129
2,0.211304,0.585217,88.0,88,88,1620.0,1620,1620
2,0.215833,0.5775,439.0,439,439,2290.0,2290,2290
2,0.216667,0.861667,9.0,9,9,674.0,674,674
2,0.2175,0.45,115.0,115,115,3048.0,3048,3048
2,0.218333,0.91125,145.0,145,145,2287.0,2287,2287
2,0.223478,0.616957,186.0,186,186,1799.0,1799,1799
2,0.224167,0.701667,106.0,106,106,2270.0,2270,2270
2,0.231304,0.791304,174.0,174,174,746.0,746,746
2,0.233333,0.49875,222.0,222,222,1026.0,1026,1026
2,0.233333,0.929167,100.0,100,100,905.0,905,905
2,0.253043,0.493913,472.0,472,472,1221.0,1221,1221
2,0.253333,0.59,644.0,644,644,2451.0,2451,2451
2,0.253333,0.752917,159.0,159,159,1182.0,1182,1182
2,0.254167,0.652917,247.0,247,247,1867.0,1867,1867
2,0.256667,0.722917,109.0,109,109,2693.0,2693,2693
2,0.258333,0.560833,275.0,275,275,2464.0,2464,2464
2,0.26,0.775417,72.0,72,72,1454.0,1454,1454
2,0.261667,0.538333,83.0,83,83,1844.0,1844,1844
2,0.261667,0.610417,214.0,214,214,1730.0,1730,1730
2,0.264167,0.779583,384.0,384,384,2448.0,2448,2448
2,0.265833,0.687917,318.0,318,318,2629.0,2629,2629
2,0.274167,0.8475,92.0,92,92,2085.0,2085,2085
2,0.28,0.515833,618.0,618,618,2071.0,2071,2071
2,0.280833,0.54,227.0,227,227,3604.0,3604,3604
2,0.285,0.805833,166.0,166,166,1699.0,1699,1699
2,0.291304,0.734783,440.0,440,440,573.0,573,573
2,0.291667,0.786667,123.0,123,123,3836.0,3836,3836
2,0.292174,0.741739,78.0,78,78,1572.0,1572,1572
2,0.295652,0.697391,100.0,100,100,1707.0,1707,1707
2,0.295833,0.5475,326.0,326,326,4709.0,4709,4709
2,0.295833,0.775417,191.0,191,191,1700.0,1700,1700
2,0.2975,0.538333,310.0,310,310,5009.0,5009,5009
2,0.298333,0.806667,951.0,951,951,4240.0,4240,4240
2,0.3,0.646667,168.0,168,168,1368.0,1368,1368
2,0.3,0.68625,307.0,307,307,1920.0,1920,1920
2,0.303333,0.605,195.0,195,195,912.0,912,912
2,0.315,0.65375,898.0,898,898,1354.0,1354,1354
2,0.316522,0.649565,247.0,247,247,1730.0,1730,1730
2,0.316667,0.752917,74.0,74,74,2931.0,2931,2931
2,0.317391,0.655652,289.0,289,289,1767.0,1767,1767
2,0.3175,0.66375,178.0,178,178,3562.0,3562,3562
2,0.318182,0.825455,87.0,87,87,1009.0,1009,1009
2,0.319167,0.50875,135.0,135,135,3787.0,3787,3787
2,0.320833,0.764167,349.0,349,349,4659.0,4659,4659
2,0.321667,0.620417,320.0,320,320,5125.0,5125,5125
2,0.321667,0.766667,195.0,195,195,3019.0,3019,3019
2,0.325,0.7625,103.0,103,103,1059.0,1059,1059
2,0.326667,0.556667,221.0,221,221,3402.0,3402,3402
2,0.33,0.667917,314.0,314,314,3814.0,3814,3814
2,0.330833,0.585833,456.0,456,456,3291.0,3291,3291
2,0.335833,0.83625,172.0,172,172,1299.0,1299,1299
2,0.336667,0.729583,177.0,177,177,1506.0,1506,1506
2,0.341667,0.575833,139.0,139,139,2914.0,2914,2914
2,0.341667,0.769583,244.0,244,244,3831.0,3831,3831
2,0.3425,0.8775,879.0,879,879,1576.0,1576,1576
2,0.343333,0.49125,1029.0,1029,1029,4109.0,4109,4109
2,0.343333,0.662917,327.0,327,327,3767.0,3767,3767
2,0.344167,0.805833,331.0,331,331,654.0,654,654
2,0.344348,0.804783,65.0,65,65,1769.0,1769,1769
2,0.346957,0.839565,203.0,203,203,1918.0,1918,1918
2,0.3475,0.823333,892.0,892,892,3757.0,3757,3757
2,0.353333,0.596667,282.0,282,282,5219.0,5219,5219
2,0.353333,0.657083,246.0,246,246,2948.0,2948,2948
2,0.356667,0.791667,616.0,616,616,2302.0,2302,2302
2,0.3575,0.666667,419.0,419,419,5147.0,5147,5147
2,0.3625,0.83875,538.0,538,538,3248.0,3248,3248
2,0.363478,0.696087,131.0,131,131,670.0,670,670
2,0.364348,0.712174,120.0,120,120,1341.0,1341,1341
2,0.365217,0.776522,321.0,321,321,1871.0,1871,1871
2,0.365833,0.581667,466.0,466,466,5520.0,5520,5520
2,0.37,0.580833,796.0,796,796,4663.0,4663,4663
2,0.373043,0.716087,127.0,127,127,2808.0,2808,2808
2,0.374167,0.685,534.0,534,534,5100.0,5100,5100
2,0.375,0.500417,178.0,178,178,3399.0,3399,3399
2,0.376522,0.948261,114.0,114,114,491.0,491,491
2,0.376667,0.489583,1120.0,1120,1120,3100.0,3100,3100
2,0.38,0.813333,190.0,190,190,2743.0,2743,2743
2,0.380833,0.623333,449.0,449,449,5050.0,5050,5050
2,0.381667,0.91125,1153.0,1153,1153,4429.0,4429,4429
2,0.3825,0.802917,269.0,269,269,3828.0,3828,3828
2,0.383333,0.709583,874.0,874,874,4604.0,4604,4604
2,0.384167,0.760833,330.0,330,330,3240.0,3240,3240
2,0.384167,0.789167,640.0,640,640,1437.0,1437,1437
2,0.384167,0.905417,441.0,441,441,2787.0,2787,2787
2,0.385833,0.595417,216.0,216,216,3534.0,3534,3534
2,0.385833,0.827083,233.0,233,233,3578.0,3578,3578
2,0.393333,0.907083,212.0,212,212,4373.0,4373,4373
2,0.399167,0.672917,190.0,190,190,3571.0,3571,3571
2,0.403333,0.6225,470.0,470,470,3576.0,3576,3576
2,0.407273,0.876364,81.0,81,81,1365.0,1365,1365
2,0.4075,0.7375,246.0,246,246,3241.0,3241,3241
2,0.41,0.75375,480.0,480,480,1949.0,1949,1949
2,0.410833,0.407083,447.0,447,447,4122.0,4122,4122
2,0.4125,0.819167,209.0,209,209,1953.0,1953,1953
2,0.414167,0.62125,956.0,956,956,3110.0,3110,3110
2,0.414167,0.642083,167.0,167,167,1628.0,1628,1628
2,0.414167,0.737083,255.0,255,255,2378.0,2378,2378
2,0.415833,0.708333,781.0,781,781,2729.0,2729,2729
2,0.4225,0.634167,181.0,181,181,3528.0,3528,3528
2,0.423333,0.7575,227.0,227,227,2841.0,2841,2841
2,0.424167,0.738333,2301.0,2301,2301,3934.0,3934,3934
2,0.425,0.74125,269.0,269,269,3187.0,3187,3187
2,0.425833,0.67625,2347.0,2347,2347,3694.0,3694,3694
2,0.426667,0.8575,1188.0,1188,1188,1707.0,1707,1707
2,0.428333,0.858333,107.0,107,107,2553.0,2553,2553
2,0.430435,0.737391,401.0,401,401,1676.0,1676,1676
2,0.435833,0.842083,548.0,548,548,3830.0,3830,3830
2,0.435833,0.925,329.0,329,329,4841.0,4841,4841
2,0.4375,0.880833,1532.0,1532,1532,3464.0,3464,3464
2,0.440833,0.757917,112.0,112,112,2454.0,2454,2454
2,0.446667,0.761667,601.0,601,601,5791.0,5791,5791
2,0.451667,0.762083,1138.0,1138,1138,2213.0,2213,2213
2,0.458333,0.830833,96.0,96,96,2818.0,2818,2818
2,0.46,0.887917,1462.0,1462,1462,2574.0,2574,2574
2,0.463333,0.569167,347.0,347,347,4020.0,4020,4020
2,0.463333,0.684583,787.0,787,787,2733.0,2733,2733
2,0.464167,0.57,665.0,665,665,4907.0,4907,4907
2,0.469167,0.590417,742.0,742,742,4018.0,4018,4018
2,0.47,0.812917,240.0,240,240,2419.0,2419,2419
2,0.4725,0.81,2207.0,2207,2207,3685.0,3685,3685
2,0.4775,0.694583,998.0,998,998,3461.0,3461,3461
2,0.484167,0.720417,404.0,404,404,3490.0,3490,3490
2,0.491667,0.718333,1434.0,1434,1434,3077.0,3077,3077
2,0.498333,0.756667,475.0,475,475,4551.0,4551,4551
2,0.5025,0.739167,257.0,257,257,1777.0,1777,1777
2,0.5025,0.885417,1033.0,1033,1033,2339.0,2339,2339
2,0.505833,0.665833,409.0,409,409,2795.0,2795,2795
2,0.5125,0.863333,692.0,692,692,3413.0,3413,3413
2,0.514167,0.755833,3155.0,3155,3155,4681.0,4681,4681
2,0.520833,0.649167,763.0,763,763,6015.0,6015,6015
2,0.520833,0.9225,902.0,902,902,2507.0,2507,2507
2,0.5225,0.728333,1008.0,1008,1008,6501.0,6501,6501
2,0.53,0.68875,449.0,449,449,3746.0,3746,3746
2,0.53,0.72,2643.0,2643,2643,5209.0,5209,5209
2,0.530833,0.829583,735.0,735,735,3840.0,3840,3840
2,0.531667,0.82125,1122.0,1122,1122,5108.0,5108,5108
2,0.5325,0.701667,637.0,637,637,4111.0,4111,4111
2,0.5375,0.664167,1008.0,1008,1008,5265.0,5265,5265
2,0.540833,0.613333,968.0,968,968,6033.0,6033,6033
2,0.545833,0.807083,1182.0,1182,1182,6262.0,6262,6262
2,0.549167,0.69,691.0,691,691,3848.0,3848,3848
2,0.549167,0.73,847.0,847,847,3554.0,3554,3554
2,0.55,0.800417,875.0,875,875,6484.0,6484,6484
2,0.55,0.87,536.0,536,536,3319.0,3319,3319
2,0.550833,0.71625,529.0,529,529,3115.0,3115,3115
2,0.56,0.768333,764.0,764,764,5657.0,5657,5657
2,0.561667,0.7075,760.0,760,760,5115.0,5115,5115
2,0.561667,0.837917,678.0,678,678,3445.0,3445,3445
2,0.561667,0.88125,438.0,438,438,3203.0,3203,3203
2,0.5625,0.74,2135.0,2135,2135,4224.0,4224,4224
2,0.5625,0.867083,1582.0,1582,1582,2971.0,2971,2971
2,0.563333,0.815,753.0,753,753,4671.0,4671,4671
2,0.566667,0.80875,667.0,667,667,3896.0,3896,3896
2,0.568333,0.777917,653.0,653,653,4446.0,4446,4446
2,0.573333,0.789583,342.0,342,342,2501.0,2501,2501
2,0.575,0.744167,620.0,620,620,4097.0,4097,4097
2,0.5775,0.709167,428.0,428,428,3231.0,3231,3231
2,0.580833,0.734583,1022.0,1022,1022,5847.0,5847,5847
2,0.581667,0.685833,738.0,738,738,4990.0,4990,4990
2,0.581667,0.810833,1710.0,1710,1710,2481.0,2481,2481
2,0.589167,0.896667,290.0,290,290,2623.0,2623,2623
2,0.595,0.9,539.0,539,539,3813.0,3813,3813
2,0.595652,0.716956,855.0,855,855,2493.0,2493,2493
2,0.598333,0.81125,630.0,630,630,3729.0,3729,3729
2,0.601667,0.694167,2469.0,2469,2469,5893.0,5893,5893
2,0.606667,0.8625,1776.0,1776,1776,3647.0,3647,3647
2,0.609167,0.9725,258.0,258,258,2137.0,2137,2137
2,0.611667,0.794583,625.0,625,625,4490.0,4490,4490
2,0.613333,0.659583,653.0,653,653,5087.0,5087,5087
2,0.615,0.765833,819.0,819,819,5254.0,5254,5254
2,0.616667,0.697083,603.0,603,603,3848.0,3848,3848
2,0.6175,0.700833,569.0,569,569,3489.0,3489,3489
2,0.619167,0.69,1045.0,1045,1045,6370.0,6370,6370
2,0.62,0.835417,547.0,547,547,3325.0,3325,3325
2,0.621667,0.756667,2496.0,2496,2496,4387.0,4387,4387
2,0.621667,0.774583,766.0,766,766,4494.0,4494,4494
2,0.623333,0.8725,371.0,371,371,3702.0,3702,3702
2,0.628333,0.688333,545.0,545,545,3222.0,3222,3222
2,0.628333,0.902083,555.0,555,555,4240.0,4240,4240
2,0.631667,0.81,836.0,836,836,3438.0,3438,3438
2,0.634167,0.845,1544.0,1544,1544,3466.0,3466,3466
2,0.635,0.74625,699.0,699,699,3311.0,3311,3311
2,0.635,0.84875,480.0,480,480,3427.0,3427,3427
2,0.635833,0.711667,1208.0,1208,1208,3341.0,3341,3341
2,0.635833,0.734167,1026.0,1026,1026,5504.0,5504,5504
2,0.636667,0.885417,477.0,477,477,3643.0,3643,3643
2,0.643333,0.727083,875.0,875,875,3852.0,3852,3852
2,0.648333,0.6525,1685.0,1685,1685,3221.0,3221,3221
2,0.649167,0.848333,684.0,684,684,3946.0,3946,3946
2,0.65,0.690833,751.0,751,751,6642.0,6642,6642
2,0.65,0.897917,417.0,417,417,3127.0,3127,3127
2,0.653333,0.833333,477.0,477,477,4495.0,4495,4495
2,0.653333,0.845833,1483.0,1483,1483,3772.0,3772,3772
2,0.654167,0.755417,533.0,533,533,3594.0,3594,3594
2,0.656667,0.67,745.0,745,745,6110.0,6110,6110
2,0.6575,0.722917,891.0,891,891,6437.0,6437,6437
2,0.6575,0.79375,728.0,728,728,6844.0,6844,6844
2,0.659167,0.799167,1557.0,1557,1557,4419.0,4419,4419
2,0.66,0.740833,659.0,659,659,3833.0,3833,3833
2,0.661667,0.712917,1829.0,1829,1829,4224.0,4224,4224
2,0.665833,0.844167,747.0,747,747,5123.0,5123,5123
2,0.6675,0.7625,2544.0,2544,2544,4866.0,4866,4866
2,0.673333,0.790417,1236.0,1236,1236,2115.0,2115,2115
2,0.676667,0.8175,1338.0,1338,1338,2482.0,2482,2482
2,0.68,0.85,226.0,226,226,889.0,889,889
2,0.680833,0.770417,774.0,774,774,4061.0,4061,4061
2,0.6825,0.658333,854.0,854,854,3854.0,3854,3854
2,0.684167,0.771667,435.0,435,435,3107.0,3107,3107
2,0.685,0.722917,797.0,797,797,3356.0,3356,3356
2,0.685833,0.729583,1504.0,1504,1504,2646.0,2646,2646
2,0.6925,0.732917,2247.0,2247,2247,4052.0,4052,4052
2,0.696667,0.810417,611.0,611,611,5592.0,5592,5592
2,0.696667,0.815,2613.0,2613,2613,3197.0,3197,3197
2,0.699167,0.666667,1639.0,1639,1639,3105.0,3105,3105
2,0.7025,0.615,1325.0,1325,1325,6257.0,6257,6257
2,0.703333,0.699167,2355.0,2355,2355,4614.0,4614,4614
2,0.709167,0.757917,692.0,692,692,3348.0,3348,3348
2,0.71,0.7575,799.0,799,799,3777.0,3777,3777
2,0.710833,0.683333,998.0,998,998,5571.0,5571,5571
2,0.715833,0.715833,1065.0,1065,1065,4721.0,4721,4721
2,0.716667,0.6825,2282.0,2282,2282,2367.0,2367,2367
2,0.716667,0.755,1521.0,1521,1521,2773.0,2773,2773
2,0.720833,0.587917,1017.0,1017,1017,5647.0,5647,5647
2,0.720833,0.6675,954.0,954,954,5336.0,5336,5336
2,0.726667,0.637917,3065.0,3065,3065,2978.0,2978,2978
2,0.728333,0.703333,746.0,746,746,4044.0,4044,4044
2,0.731667,0.485833,1511.0,1511,1511,5988.0,5988,5988
2,0.731667,0.6575,467.0,467,467,3107.0,3107,3107
2,0.735833,0.70375,1278.0,1278,1278,5995.0,5995,5995
2,0.75,0.672917,1263.0,1263,1263,6271.0,6271,6271
2,0.7525,0.654167,1233.0,1233,1233,5780.0,5780,5780
2,0.753333,0.638333,2352.0,2352,2352,3788.0,3788,3788
2,0.764167,0.677083,513.0,513,513,3461.0,3461,3461
2,0.765833,0.6425,1328.0,1328,1328,5847.0,5847,5847
2,0.808333,0.568333,563.0,563,563,3352.0,3352,3352
2,0.815,0.69125,632.0,632,632,3152.0,3152,3152
3,0.2175,0.8625,34.0,34,34,472.0,472,472
3,0.224167,0.73125,192.0,192,192,1977.0,1977,1977
3,0.243333,0.823333,9.0,9,9,432.0,432,432
3,0.254167,0.8825,57.0,57,57,570.0,570,570
3,0.268333,0.918333,179.0,179,179,1506.0,1506,1506
3,0.389091,0.0,46.0,46,46,577.0,577,577
3,0.396667,0.835417,120.0,120,120,907.0,907,907
3,0.41,0.970417,50.0,50,50,655.0,655,655
3,0.416667,0.9625,69.0,69,69,1538.0,1538,1538
3,0.430833,0.888333,121.0,121,121,674.0,674,674
3,0.44,0.88,2.0,2,2,20.0,20,20
3,0.4475,0.91,220.0,220,220,2545.0,2545,2545
3,0.456667,0.93,145.0,145,145,1672.0,1672,1672
3,0.4625,0.949583,126.0,126,126,2468.0,2468,2468
3,0.54,0.886957,204.0,204,204,2506.0,2506,2506
3,0.541739,0.895217,254.0,254,254,2170.0,2170,2170
3,0.543333,0.90625,217.0,217,217,2199.0,2199,2199
3,0.590833,0.871667,315.0,315,315,4324.0,4324,4324
3,0.595833,0.865417,1264.0,1264,1264,3195.0,3195,3195
3,0.599167,0.917083,118.0,118,118,1878.0,1878,1878
3,0.633913,0.939565,153.0,153,153,1689.0,1689,1689
